allele,allele_frequency
HLA-A*01:01,0.1646
HLA-A*02:01,0.2755
HLA-A*02:03,1.93e-05
HLA-A*02:06,0.0018
HLA-A*03:01,0.1399
HLA-A*11:01,0.0609
HLA-A*23:01,0.0197
HLA-A*24:02,0.0846
HLA-A*26:01,0.0309
HLA-A*30:01,0.013
HLA-A*30:02,0.009
HLA-A*31:01,0.027
HLA-A*32:01,0.0355
HLA-A*33:01,0.0081
HLA-A*68:01,0.0319
HLA-A*68:02,0.0084
HLA-B*07:02,0.1306
HLA-B*08:01,0.1144
HLA-B*15:01,0.0606
HLA-B*35:01,0.056
HLA-B*40:01,0.0528
HLA-B*44:02,0.0952
HLA-B*44:03,0.0467
HLA-B*51:01,0.0473
HLA-B*53:01,0.0034
HLA-B*57:01,0.0365
HLA-B*58:01,0.0073
