allele,n_unique_epitopes_sb,n_sb_row_instances_allele
HLA-B*15:01,26,52
HLA-A*03:01,2,6
HLA-A*11:01,3,8
HLA-A*30:02,10,17
HLA-A*32:01,15,24
HLA-B*58:01,22,41
HLA-A*31:01,43,70
HLA-A*33:01,20,34
HLA-A*68:01,33,59
HLA-B*07:02,16,23
HLA-A*02:01,15,33
HLA-A*02:06,13,22
HLA-B*35:01,19,28
HLA-B*40:01,7,20
HLA-A*02:03,17,37
HLA-B*44:02,1,5
HLA-B*44:03,1,5
HLA-B*08:01,6,26
HLA-A*30:01,10,16
HLA-A*23:01,14,21
HLA-A*24:02,12,16
HLA-A*68:02,7,10
HLA-B*51:01,1,1
HLA-B*53:01,12,15
HLA-B*57:01,13,22
HLA-A*26:01,2,3
HLA-A*01:01,3,3
