allele,allele_frequency,n_unique_epitopes_sb,n_sb_row_instances_allele,total_unique_epitopes_sb
HLA-A*01:01,0.1646,3,3,182
HLA-A*02:01,0.2755,15,33,182
HLA-A*02:03,1.93e-05,17,37,182
HLA-A*02:06,0.0018,13,22,182
HLA-A*03:01,0.1399,2,6,182
HLA-A*11:01,0.0609,3,8,182
HLA-A*23:01,0.0197,14,21,182
HLA-A*24:02,0.0846,12,16,182
HLA-A*26:01,0.0309,2,3,182
HLA-A*30:01,0.013,10,16,182
HLA-A*30:02,0.009,10,17,182
HLA-A*31:01,0.027,43,70,182
HLA-A*32:01,0.0355,15,24,182
HLA-A*33:01,0.0081,20,34,182
HLA-A*68:01,0.0319,33,59,182
HLA-A*68:02,0.0084,7,10,182
HLA-B*07:02,0.1306,16,23,182
HLA-B*08:01,0.1144,6,26,182
HLA-B*15:01,0.0606,26,52,182
HLA-B*35:01,0.056,19,28,182
HLA-B*40:01,0.0528,7,20,182
HLA-B*44:02,0.0952,1,5,182
HLA-B*44:03,0.0467,1,5,182
HLA-B*51:01,0.0473,1,1,182
HLA-B*53:01,0.0034,12,15,182
HLA-B*57:01,0.0365,13,22,182
HLA-B*58:01,0.0073,22,41,182
